name,full_name,lab_scope,venue_type,fit_tags,lab_fit_notes,url,notes_file,submission_cycle,presented_at,acceptance_rate_5y,acceptance_rate_window,acceptance_rate_source,acceptance_rate_checked,ccf_rank,ccf_year,ccf_field,icore_rank,icore_year,icore_field,ranking_notes
SC,"International Conference for High Performance Computing, Networking, Storage, and Analysis",core,conference,parallel-computing;data-reduction;scientific-applications;hpc-systems;storage-io,Flagship option when end-to-end application impact and scale are central,https://supercomputing.org/,notes/SC.md,annual,,,,,,A,2026,architecture-parallel-distributed-storage,A,2026,CSE,
IPDPS,IEEE International Parallel and Distributed Processing Symposium,core,conference,parallel-computing;distributed-computing;runtime;scientific-applications,Strong for parallel methods and distributed execution with substantial evaluation,https://www.ipdps.org/,notes/IPDPS.md,annual,,,,,,B,2026,architecture-parallel-distributed-storage,A,2026,4606,
PPoPP,ACM SIGPLAN Symposium on Principles and Practice of Parallel Programming,core,conference,parallel-computing;programming-models;runtime;compiler,Strong when the primary contribution is parallel programming or runtime design,https://ppopp-conference.org/,notes/PPoPP.md,annual,,21%,last 5 years,https://csconferences.org/,2026-08-20,A,2026,architecture-parallel-distributed-storage,B,2026,4606,
ASPLOS,ACM International Conference on Architectural Support for Programming Languages and Operating Systems,core,conference,architecture;systems;runtime;co-design,Best when the work crosses architecture systems and programming abstractions,https://www.asplos-conference.org/,notes/ASPLOS.md,annual,,20%,last 5 years,https://csconferences.org/,2026-08-20,A,2026,architecture-parallel-distributed-storage,A*,2026,4612,
HPCA,IEEE International Symposium on High-Performance Computer Architecture,core,conference,architecture;hardware;performance,Best when architectural or hardware insight is a central contribution,https://hpca-conf.org/,notes/HPCA.md,annual,,23%,last 5 years,https://csconferences.org/,2026-08-20,A,2026,architecture-parallel-distributed-storage,A*,2026,CSE,
TACO,ACM Transactions on Architecture and Code Optimization,core,journal,architecture;compiler;runtime;code-optimization,Rolling journal for architecture and code optimization work,https://dl.acm.org/journal/taco,notes/TACO.md,rolling,MICRO,,,,,A,2026,architecture-parallel-distributed-storage,,,,CCF ranks TACO as a journal; eligible accepted papers may be presented at MICRO
TPDS,IEEE Transactions on Parallel and Distributed Systems,core,journal,parallel-computing;distributed-computing;systems;data-reduction;scientific-applications,Strong rolling journal option for mature parallel and distributed systems work with extensive evaluation,https://www.computer.org/csdl/journal/td,notes/TPDS.md,rolling,,,,,,A,2026,architecture-parallel-distributed-storage,,,,CCF ranks TPDS as a journal; ICORE ranks conferences only
HPDC,ACM International Symposium on High-Performance Parallel and Distributed Computing,core,conference,parallel-computing;distributed-computing;data-movement;workflows,Strong for distributed HPC systems data movement and workflows,https://www.hpdc.org/,notes/HPDC.md,annual,,,,,,A,2026,architecture-parallel-distributed-storage,A,2026,4606,
ICS,ACM International Conference on Supercomputing,core,conference,parallel-computing;architecture;runtime;hpc-systems,Strong general venue for parallel systems architecture and performance,https://www.ics-conference.org/,notes/ICS.md,annual,,,,,,B,2026,architecture-parallel-distributed-storage,A,2026,CSE,
ICDCS,IEEE International Conference on Distributed Computing Systems,core,conference,distributed-computing;systems;runtime,Best when distributed-systems behavior is more central than HPC application impact,https://icdcs.org/,notes/ICDCS.md,annual,,,,,,B,2026,architecture-parallel-distributed-storage,A,2026,4606,
USENIX ATC,USENIX Annual Technical Conference,core,conference,systems;distributed-computing;storage-io,Broad systems venue for work with a general systems contribution,https://www.usenix.org/conferences/byname/131,notes/USENIX_ATC.md,annual,,17%,last 5 years,https://csconferences.org/,2026-08-20,A,2026,architecture-parallel-distributed-storage,A,2026,4606,CCF 2026 lists the successor name ACM SIGOPS ATC; ICORE lists acronym USENIX
SIGMETRICS,ACM SIGMETRICS International Conference on Measurement and Modeling of Computer Systems,core,conference,performance-modeling;measurement;systems,Strong when measurement methodology or performance modeling is central,https://www.sigmetrics.org/,notes/SigMetrics.md,annual,,16%,last 5 years,https://csconferences.org/,2026-08-20,B,2026,architecture-parallel-distributed-storage,A*,2026,4612,
PASC,Platform for Advanced Scientific Computing Conference,core,conference,scientific-applications;co-design;parallel-computing;data-reduction,Excellent fit for application-computing co-design and end-to-end scientific impact,https://pasc-conference.org/,notes/PASC.md,annual,,,,,,,,,,,,
SIGMOD,ACM SIGMOD International Conference on Management of Data,adjacent,conference,data-management;data-reduction;systems,Consider when data-management novelty is more central than HPC execution,https://sigmod.org/,notes/SIGMOD.md,annual,,31%,last 5 years,https://csconferences.org/,2026-08-20,A,2026,database-data-mining-information-retrieval,A*,2026,4605,
VLDB,International Conference on Very Large Data Bases,adjacent,conference,data-management;data-reduction;systems,Consider for data systems with database-facing novelty and evaluation,https://www.vldb.org/,notes/VLDB.md,rolling,,24%,last 5 years,https://csconferences.org/,2026-08-20,A,2026,database-data-mining-information-retrieval,A*,2026,4605,
MSST,IEEE Conference on Mass Storage Systems and Technologies,adjacent,conference,storage-io;data-reduction;data-movement,Relevant when storage data movement or reduction in the I/O path is central,https://www.msstconference.org/,notes/MSST.md,annual,,,,,,B,2026,architecture-parallel-distributed-storage,National: USA,2026,4606,
ICPP,International Conference on Parallel Processing,adjacent,conference,parallel-computing;runtime;distributed-computing,Broad parallel-processing alternative with systems and applications tracks,https://icpp-conf.org/,notes/ICPP.md,annual,,,,,,B,2026,architecture-parallel-distributed-storage,B,2026,4606,
ICDE,IEEE International Conference on Data Engineering,adjacent,conference,data-management;data-reduction;systems,Consider when data engineering and database systems are the main audience,https://ieee-icde.org/,notes/ICDE.md,annual,,26%,last 5 years,https://csconferences.org/,2026-08-20,A,2026,database-data-mining-information-retrieval,A*,2026,4605,
DRBSD,International Workshop on Data Analysis and Reduction for Big Scientific Data,adjacent,workshop,data-reduction;scientific-applications;storage-io;data-movement,Highly focused community venue for early or specialized data-reduction work,https://drbsd.github.io/,notes/DRBSD.md,annual,,,,,,,,,,,,
HiPC,IEEE International Conference on High Performance Computing Data and Analytics,adjacent,conference,parallel-computing;hpc-systems;scientific-applications;data-reduction;accelerators,Relevant for HPC systems applications data analytics and accelerator-oriented work,https://hipc.org/,,annual,,,,,,C,2026,architecture-parallel-distributed-storage,National: India,2026,4606,Added after three HiPC entries in the FZ publication record
IEEE BigData,IEEE International Conference on Big Data,adjacent,conference,data-management;data-reduction;systems;machine-learning;scientific-applications,Consider when compression is framed as a big-data analytics data-management or machine-learning contribution,https://bigdataieee.org/,,annual,,,,,,,,,B,2026,4605,Added after four BigData entries in the FZ publication record
IWBDR,International Workshop on Big Data Reduction,adjacent,workshop,data-reduction;scientific-applications;storage-io;machine-learning;co-design,Directly focused on data reduction across HPC cloud edge and AI workloads,https://mercury-hpg.github.io/IWBDR-6/,,annual,,,,,,,,,,,,Co-located with IEEE BigData; external conference rankings do not apply
FAST,USENIX Conference on File and Storage Technologies,watch,conference,storage-io;data-reduction;data-movement,Promote when storage I/O or reduction in the storage path is the central contribution,https://www.usenix.org/conference/fast,,annual,,20%,last 5 years,https://csconferences.org/,2026-08-20,A,2026,architecture-parallel-distributed-storage,A,2026,4605,
CLUSTER,IEEE International Conference on Cluster Computing,adjacent,conference,parallel-computing;distributed-computing;hpc-systems;scientific-applications;data-reduction,Strong adjacent option for cluster-scale execution resource management data reduction and application performance,https://clustercomp.org/,,annual,,,,,,B,2026,architecture-parallel-distributed-storage,C,2026,4606,Promoted after twelve CLUSTER entries in the FZ publication record
CCGRID,IEEE/ACM International Symposium on Cluster Cloud and Internet Computing,watch,conference,distributed-computing;cloud;workflows;hpc-systems,Promote for distributed cloud grid or workflow-oriented computation,https://www.ccgrid.org/,,annual,,,,,,C,2026,architecture-parallel-distributed-storage,B,2026,4606,
e-Science,IEEE International Conference on e-Science,watch,conference,scientific-applications;workflows;co-design;data-management,Promote when scientific workflows and application-computing co-design lead the story,https://www.escience-conference.org/,,annual,,,,,,,,,B,2026,4606,Not present in CCF 2026; ICORE acronym is e-Science
PACT,International Conference on Parallel Architectures and Compilation Techniques,watch,conference,parallel-computing;architecture;compiler;runtime,Promote when compiler runtime and architecture interactions are central,https://pactconf.org/,,annual,,,,,,B,2026,architecture-parallel-distributed-storage,B,2026,4606,
CGO,IEEE/ACM International Symposium on Code Generation and Optimization,watch,conference,compiler;runtime;code-optimization;architecture,Promote when compiler or code-generation technique is the primary novelty,https://conf.researchr.org/series/cgo,,annual,,31%,last 5 years,https://csconferences.org/,2026-08-20,B,2026,architecture-parallel-distributed-storage,A,2026,4612,
MICRO,IEEE/ACM International Symposium on Microarchitecture,watch,conference,architecture;hardware;performance,Promote when microarchitectural insight is central rather than an enabling detail,https://www.microarch.org/micro/,,annual,,23%,last 5 years,https://csconferences.org/,2026-08-20,A,2026,architecture-parallel-distributed-storage,A*,2026,CSE,
ISCA,ACM/IEEE International Symposium on Computer Architecture,watch,conference,architecture;hardware;performance,Promote when computer architecture is the primary research contribution,https://iscaconf.org/,,annual,,20%,last 5 years,https://csconferences.org/,2026-08-20,A,2026,architecture-parallel-distributed-storage,A*,2026,CSE,
EuroSys,European Conference on Computer Systems,watch,conference,systems;distributed-computing;runtime,Promote when the result is a broadly applicable systems contribution,https://www.eurosys.org/,,annual,,18%,last 5 years,https://csconferences.org/,2026-08-20,A,2026,architecture-parallel-distributed-storage,A,2026,4606,
OSDI,USENIX Symposium on Operating Systems Design and Implementation,watch,conference,systems;distributed-computing;storage-io,Promote for a broad high-impact systems result with extensive evaluation,https://www.usenix.org/conferences/byname/179,,annual,,18%,last 5 years,https://csconferences.org/,2026-08-20,A,2026,software-engineering-systems-software-programming-languages,A*,2026,4606,
DCC,Data Compression Conference,watch,conference,data-reduction;compression;algorithms,Promote when compression methodology itself is the main intellectual contribution,https://www.cs.brandeis.edu/~dcc/,,annual,,,,,,B,2026,computer-graphics-multimedia,B,2026,4605,
MASCOTS,IEEE International Symposium on the Modeling Analysis and Simulation of Computer and Telecommunication Systems,watch,conference,performance-modeling;measurement;systems;runtime,Consider when performance measurement modeling or runtime trade-off analysis is the main contribution,https://mascots26.iitis.pl/,,annual,,,,,,C,2026,architecture-parallel-distributed-storage,B,2026,4606,Active 2026 venue; added after a directly relevant FZ publication
IEEE VIS,IEEE Visualization and Visual Analytics Conference,watch,conference,visualization;data-reduction;scientific-applications;data-management,Consider when topology feature preservation scientific visualization or visual analytics drives the evaluation,https://ieeevis.org/,,annual,,,,,,A,2026,computer-graphics-multimedia,A,2026,4608,Full papers are published in a special issue of IEEE TVCG
ISC,ISC High Performance,watch,conference,parallel-computing;hpc-systems;scientific-applications;accelerators;data-analytics,Consider as a European archival HPC venue for systems applications analytics and emerging technologies,https://isc-hpc.com/,,annual,,,,,,,,,National/Regional,2026,4606,ICORE lists ISC High Performance as National/Regional; do not confuse it with ACM ICS
